{
  "$schema": "https://schema.management.azure.com/schemas/2015-01-01/deploymentTemplate.json#",
  "contentVersion": "1.0.0.0",
  "parameters": {
    "networkguid1": {
      "type": "string"
    },
    "networkguid2": {
      "type": "string"
    },
    "networkguid3": {
      "type": "string"
    },
    "networkguid4": {
      "type": "string"
    },
    "principalid": {
      "type": "object"
    },
    "builtInRoleType": {
      "type": "object"
    },
    "customerid": {
      "type": "string"
    },
    "environment": {
      "type": "string"
    },
    "location": {
      "type": "string"
    },
    "tier": {
      "type": "string"
    }
  },
  "variables": {
    "Owner": "[concat('/subscriptions/', subscription().subscriptionId, '/providers/Microsoft.Authorization/roleDefinitions/', '8e3af657-a8ff-443c-a75c-2fe8c4bcb635')]",
    "Contributor": "[concat('/subscriptions/', subscription().subscriptionId, '/providers/Microsoft.Authorization/roleDefinitions/', 'b24988ac-6180-42a0-ab88-20f7382dd24c')]",
    "Reader": "[concat('/subscriptions/', subscription().subscriptionId, '/providers/Microsoft.Authorization/roleDefinitions/', 'acdd72a7-3385-48ef-bd42-f606fba81ae7')]",
    "Billing Reader": "[concat('/subscriptions/', subscription().subscriptionId, '/providers/Microsoft.Authorization/roleDefinitions/', 'fa23ad8b-c56e-40d8-ac0c-ce449e1d2c64')]"
  },
  "resources": [
    {
      "type": "Microsoft.Authorization/roleAssignments",
      "apiVersion": "2017-05-01",
      "name": "[parameters('networkguid1')]",
      "properties": {
        "roleDefinitionId": "[variables(parameters('builtInRoleType').Contributor[0].role)]",
        "principalId": "[parameters('principalid').ugglobalcontributor[0].id]",
        "scope": "[resourceGroup().id]"
      }
    },
    {
      "type": "Microsoft.Authorization/roleAssignments",
      "apiVersion": "2017-05-01",
      "name": "[parameters('networkguid2')]",
      "properties": {
        "roleDefinitionId": "[variables(parameters('builtInRoleType').Contributor[0].role)]",
        "principalId": "[parameters('principalid').ugnetworkcontributor[0].id]",
        "scope": "[resourceGroup().id]"
      }
    },
    {
      "type": "Microsoft.Authorization/roleAssignments",
      "apiVersion": "2017-05-01",
      "name": "[parameters('networkguid3')]",
      "properties": {
        "roleDefinitionId": "[variables(parameters('builtInRoleType').Reader[0].role)]",
        "principalId": "[parameters('principalid').ugglobalreader[0].id]",
        "scope": "[resourceGroup().id]"
      }
    },
    {
      "type": "Microsoft.Authorization/roleAssignments",
      "apiVersion": "2017-05-01",
      "name": "[parameters('networkguid4')]",
      "properties": {
        "roleDefinitionId": "[variables(parameters('builtInRoleType').BillingReader[0].role)]",
        "principalId": "[parameters('principalid').ugglobalbilling[0].id]",
        "scope": "[resourceGroup().id]"
      }
    }
  ]
}