{
  "$schema": "https://schema.management.azure.com/schemas/2015-01-01/deploymentTemplate.json#",
  "contentVersion": "1.0.0.0",
  "parameters": {
    "deployregion": {
      "type": "string"
    },
    "Location": {
      "type": "string",
      "allowedValues": [
        "ase",
        "ae",
        "ukw",
        "uks",
        "usw",
        "use"
      ]
    },
    "CustomerID": {
      "type": "string"
    },
    "Environment": {
      "type": "string",
      "allowedValues": [
        "prod",
        "dev"
      ]
    },
    "Tier": {
      "type": "string",
      "allowedValues": [
        "standard",
        "premium"
      ]
    },
    "Function": {
      "type": "string",
      "allowedValues": [
        "network",
        "compute",
        "backup",
        "data"
      ]
    },
    "scheduleRunTimes": {
      "type": "array",
      "metadata": {
        "description": "Times in day when backup should be triggered. e.g. 01:00 or 13:00. Must be an array, however for IaaS VMs only one value is valid. This will be used in LTR too for daily, weekly, monthly and yearly backup."
      }
    },
    "timeZone": {
      "type": "string",
      "metadata": {
        "description": "Any Valid timezone, for example:UTC, Pacific Standard Time. Refer: https://msdn.microsoft.com/en-us/library/gg154758.aspx"
      }
    },
    "dailyRetentionDurationCount": {
      "type": "int",
      "metadata": {
        "description": "Number of days you want to retain the backup"
      }
    },
    "daysOfTheWeek": {
      "type": "array",
      "metadata": {
        "description": "Backup will run on array of Days like, Monday, Tuesday etc. Applies in Weekly retention only."
      }
    },
    "weeklyRetentionDurationCount": {
      "type": "int",
      "metadata": {
        "description": "Number of weeks you want to retain the backup"
      }
    },
    "monthlyRetentionDurationCount": {
      "type": "int",
      "metadata": {
        "description": "Number of months you want to retain the backup"
      }
    }
  },
  "variables": {
    "rsvvariables": {
      "rsvname": "[concat(tolower('rsv-'), parameters(tolower('CustomerID')), '-', parameters(tolower('Location')), '-', parameters(tolower('Environment')), '-01')]",
      "policyname": "[concat(tolower('policy-'), parameters(tolower('CustomerID')), '-', parameters(tolower('Location')), '-', parameters(tolower('Environment')))]"
    },
  },
  "resources": [
    {
      "type": "Microsoft.RecoveryServices/vaults",
      "apiVersion": "2015-11-10",
      "name": "[variables('rsvvariables').rsvname]",
      "location": "[parameters('deployregion')]",
      "sku": {
        "name": "RS0",
        "tier": "Standard"
      },
      "tags": {
        "Environment": "[parameters('environment')]",
        "Location": "[parameters('location')]",
        "Tier": "[parameters('tier')]",
        "CustomerID": "[parameters('customerid')]",
        "Function": "[parameters('function')]"
      },
      "properties": {}
    },
      {
        "apiVersion": "2016-06-01",
        "name": "[concat(variables('rsvvariables').rsvname, '/', variables('rsvvariables').policyname)]",
        "type": "Microsoft.RecoveryServices/vaults/backupPolicies",
        "dependsOn": [
          "[concat('Microsoft.RecoveryServices/vaults/', variables('rsvvariables').rsvname)]"
        ],
        "location": "[parameters('deployregion')]",
        "properties": {
          "backupManagementType": "AzureIaasVM",
          "schedulePolicy": {
            "scheduleRunFrequency": "Daily",
            "scheduleRunDays": null,
            "scheduleRunTimes": "[parameters('scheduleRunTimes')]",
            "schedulePolicyType": "SimpleSchedulePolicy"
          },
          "retentionPolicy": {
            "dailySchedule": {
              "retentionTimes": "[parameters('scheduleRunTimes')]",
              "retentionDuration": {
                "count": "[parameters('dailyRetentionDurationCount')]",
                "durationType": "Days"
              }
            },
            "weeklySchedule": {
              "daysOfTheWeek": "[parameters('daysOfTheWeek')]",
              "retentionTimes": "[parameters('scheduleRunTimes')]",
              "retentionDuration": {
                "count": "[parameters('weeklyRetentionDurationCount')]",
                "durationType": "Weeks"
              }
            },
            "monthlySchedule": {
              "retentionScheduleFormatType": "Daily",
              "retentionScheduleDaily": {
                "daysOfTheMonth": [
                  {
                    "date": 1,
                    "isLast": false
                  }
                ]
              },
              "retentionScheduleWeekly": null,
              "retentionTimes": "[parameters('scheduleRunTimes')]",
              "retentionDuration": {
                "count": "[parameters('monthlyRetentionDurationCount')]",
                "durationType": "Months"
              }
            },
            "retentionPolicyType": "LongTermRetentionPolicy"
          },
          "timeZone": "[parameters('timeZone')]"
        }
      }
  ]
}
